datetime,open,high,low,close,volume
2023-12-14 14:06:%00,16523.50,16530.25,16523.50,16525.50,63
2023-12-14 14:07:%00,16526.00,16526.00,16519.75,16521.00,47
2023-12-14 14:08:%00,16522.00,16530.00,16522.00,16526.25,34
2023-12-14 14:09:%00,16527.50,16527.50,16522.75,16522.75,28
2023-12-14 14:10:%00,16522.25,16523.00,16520.25,16521.00,33
2023-12-14 14:11:%00,16521.00,16525.25,16519.50,16525.00,23
2023-12-14 14:12:%00,16526.00,16531.50,16522.75,16524.50,71
2023-12-14 14:13:%00,16524.50,16525.50,16519.50,16519.50,31
2023-12-14 14:14:%00,16519.75,16526.00,16519.75,16521.50,24
2023-12-14 14:15:%00,16520.00,16525.50,16517.25,16524.25,74
2023-12-14 14:16:%00,16525.00,16525.00,16520.00,16523.25,32
2023-12-14 14:17:%00,16523.25,16527.25,16521.25,16526.75,61
2023-12-14 14:18:%00,16527.75,16529.00,16522.00,16526.75,35
2023-12-14 14:19:%00,16527.25,16533.75,16527.25,16532.50,63
2023-12-14 14:20:%00,16532.75,16533.00,16526.00,16526.25,31
2023-12-14 14:21:%00,16526.50,16531.75,16524.25,16530.50,42
2023-12-14 14:22:%00,16530.25,16531.75,16528.50,16529.75,33
2023-12-14 14:23:%00,16531.00,16531.00,16526.25,16527.75,28
2023-12-14 14:24:%00,16528.25,16535.50,16528.25,16535.00,34
2023-12-14 14:25:%00,16534.75,16536.00,16531.50,16532.50,46
2023-12-14 14:26:%00,16532.25,16533.50,16529.00,16530.25,36
2023-12-14 14:27:%00,16529.75,16532.00,16527.00,16530.50,33
2023-12-14 14:28:%00,16529.75,16531.75,16529.25,16531.50,17
2023-12-14 14:29:%00,16531.00,16532.50,16519.50,16521.75,88
2023-12-14 14:30:%00,16522.00,16528.75,16521.75,16525.00,101
2023-12-14 14:31:%00,16524.75,16528.00,16523.50,16525.50,48
2023-12-14 14:32:%00,16526.00,16531.50,16523.50,16524.25,45
2023-12-14 14:33:%00,16523.50,16525.25,16521.00,16524.75,49
2023-12-14 14:34:%00,16525.00,16526.50,16523.50,16524.75,23
2023-12-14 14:35:%00,16525.00,16533.50,16522.50,16530.50,84
2023-12-14 14:36:%00,16530.25,16536.25,16530.25,16534.75,65
2023-12-14 14:37:%00,16533.75,16533.75,16527.50,16530.00,46
2023-12-14 14:38:%00,16530.00,16532.25,16525.50,16525.75,26
2023-12-14 14:39:%00,16526.50,16526.50,16520.25,16521.25,64
2023-12-14 14:40:%00,16521.25,16523.75,16518.75,16520.00,70
2023-12-14 14:41:%00,16521.25,16528.00,16520.50,16525.50,65
2023-12-14 14:42:%00,16526.00,16527.25,16522.50,16525.00,44
2023-12-14 14:43:%00,16524.75,16531.75,16522.50,16531.25,76
2023-12-14 14:44:%00,16530.50,16533.00,16523.75,16523.75,48
2023-12-14 14:45:%00,16523.75,16529.00,16523.75,16527.50,25
2023-12-14 14:46:%00,16528.50,16541.50,16528.25,16532.25,142
2023-12-14 14:47:%00,16530.75,16534.25,16524.00,16525.25,115
2023-12-14 14:48:%00,16525.50,16530.00,16525.25,16529.25,43
2023-12-14 14:49:%00,16528.25,16528.25,16520.25,16524.50,88
2023-12-14 14:50:%00,16521.50,16537.25,16521.50,16537.25,111
2023-12-14 14:51:%00,16538.50,16541.50,16536.25,16540.00,109
2023-12-14 14:52:%00,16539.75,16544.25,16536.75,16538.75,85
2023-12-14 14:53:%00,16537.00,16537.00,16525.75,16533.50,115
2023-12-14 14:54:%00,16535.75,16535.75,16525.00,16526.75,91
2023-12-14 14:55:%00,16527.25,16539.50,16526.50,16537.00,114
2023-12-14 14:56:%00,16535.50,16537.25,16523.00,16524.75,120
2023-12-14 14:57:%00,16524.00,16533.25,16524.00,16533.25,82
2023-12-14 14:58:%00,16533.50,16537.25,16528.50,16537.25,89
2023-12-14 14:59:%00,16536.50,16546.50,16536.00,16541.50,285
2023-12-14 15:00:%00,16545.25,16552.25,16543.25,16552.25,217
2023-12-14 15:01:%00,16551.25,16557.75,16550.25,16552.75,106
2023-12-14 15:02:%00,16553.25,16553.25,16538.75,16543.50,86
2023-12-14 15:03:%00,16543.75,16544.25,16539.75,16541.75,26
2023-12-14 15:04:%00,16541.75,16541.75,16536.00,16541.50,42
2023-12-14 15:05:%00,16537.25,16538.75,16533.75,16533.75,49
2023-12-14 15:06:%00,16533.25,16537.75,16533.25,16536.50,18
2023-12-14 15:07:%00,16535.75,16536.25,16530.75,16531.75,24
2023-12-14 15:08:%00,16532.00,16533.00,16523.50,16527.75,61
2023-12-14 15:09:%00,16528.25,16532.50,16527.25,16531.75,31
2023-12-14 15:10:%00,16532.00,16534.00,16531.75,16532.75,20
2023-12-14 15:11:%00,16532.25,16535.00,16531.50,16535.00,19
2023-12-14 15:12:%00,16535.75,16535.75,16532.25,16533.25,13
2023-12-14 15:13:%00,16533.50,16535.00,16532.75,16534.75,9
2023-12-14 15:14:%00,16533.50,16534.50,16530.00,16530.25,25
2023-12-14 15:15:%00,16531.00,16537.25,16528.75,16537.25,12
2023-12-14 15:16:%00,16538.00,16538.00,16532.50,16537.25,10
2023-12-14 15:17:%00,16535.75,16538.75,16535.75,16536.25,9
2023-12-14 15:18:%00,16535.50,16537.25,16535.00,16537.25,3
2023-12-14 15:19:%00,16536.00,16536.25,16534.50,16534.50,3
2023-12-14 15:20:%00,16535.25,16535.25,16531.50,16534.25,14
2023-12-14 15:21:%00,16530.00,16533.00,16530.00,16533.00,2
2023-12-14 15:22:%00,16528.25,16533.00,16528.25,16533.00,2
2023-12-14 15:23:%00,16533.00,16535.00,16533.00,16534.50,2
2023-12-14 15:24:%00,16535.00,16535.00,16526.00,16526.00,6
2023-12-14 15:25:%00,16538.50,16540.00,16529.50,16538.50,7
2023-12-14 15:26:%00,16538.50,16538.50,16530.75,16532.75,3
2023-12-14 15:27:%00,16537.50,16537.50,16529.75,16536.75,4
2023-12-14 15:28:%00,16530.00,16534.25,16529.75,16532.50,4
2023-12-14 15:29:%00,16528.75,16528.75,16528.75,16528.75,1
2023-12-14 15:30:%00,16530.50,16535.00,16528.50,16528.50,7
2023-12-14 15:31:%00,16534.75,16534.75,16528.25,16529.25,7
2023-12-14 15:32:%00,16532.50,16534.50,16530.00,16530.00,4
2023-12-14 15:33:%00,16532.75,16532.75,16532.75,16532.75,1
2023-12-14 15:34:%00,16530.25,16537.50,16529.75,16533.75,5
2023-12-14 15:35:%00,16530.00,16531.75,16530.00,16530.00,3
2023-12-14 15:36:%00,16530.00,16535.00,16530.00,16531.25,4
2023-12-14 15:37:%00,16530.75,16530.75,16530.75,16530.75,1
2023-12-14 15:38:%00,16530.75,16530.75,16530.75,16530.75,0
2023-12-14 15:39:%00,16532.25,16532.25,16530.75,16530.75,2
2023-12-14 15:40:%00,16529.50,16535.25,16529.50,16535.00,5
2023-12-14 15:41:%00,16535.25,16535.25,16535.25,16535.25,1
2023-12-14 15:42:%00,16536.00,16539.00,16531.00,16531.75,9
2023-12-14 15:43:%00,16531.75,16536.25,16530.00,16530.00,5
2023-12-14 15:44:%00,16530.00,16530.25,16530.00,16530.25,1
2023-12-14 15:45:%00,16535.50,16535.50,16530.00,16534.25,4
2023-12-14 15:46:%00,16534.75,16539.00,16525.00,16529.00,10
2023-12-14 15:47:%00,16529.00,16534.50,16529.00,16530.75,2
2023-12-14 15:48:%00,16534.00,16534.00,16534.00,16534.00,1
2023-12-14 15:49:%00,16533.50,16534.00,16530.00,16530.00,3
2023-12-14 15:50:%00,16534.00,16534.00,16530.00,16532.25,4
2023-12-14 15:51:%00,16534.00,16534.00,16532.25,16534.00,5
2023-12-14 15:52:%00,16530.75,16534.00,16530.75,16534.00,3
2023-12-14 15:53:%00,16534.75,16534.75,16532.75,16532.75,5
2023-12-14 15:54:%00,16530.25,16537.50,16530.25,16530.25,5
2023-12-14 15:55:%00,16537.25,16537.25,16529.25,16530.00,11
2023-12-14 15:56:%00,16536.75,16536.75,16536.75,16536.75,1
2023-12-14 15:57:%00,16537.00,16537.25,16532.75,16532.75,3
2023-12-14 15:58:%00,16534.75,16534.75,16527.75,16527.75,4
2023-12-14 15:59:%00,16536.25,16538.25,16525.25,16525.25,3
2023-12-14 17:00:%00,16525.00,16544.00,16524.00,16526.00,7
2023-12-14 17:01:%00,16534.25,16534.25,16525.50,16525.50,11
2023-12-14 17:02:%00,16525.25,16525.50,16520.75,16525.50,9
2023-12-14 17:03:%00,16525.50,16529.75,16523.50,16524.75,6
2023-12-14 17:04:%00,16525.00,16527.75,16525.00,16527.75,3
2023-12-14 17:05:%00,16525.00,16526.00,16525.00,16525.50,10
2023-12-14 17:06:%00,16525.50,16527.75,16519.50,16521.75,30
2023-12-14 17:07:%00,16521.75,16521.75,16519.25,16521.50,29
2023-12-14 17:08:%00,16521.50,16523.75,16521.00,16521.00,3
2023-12-14 17:09:%00,16521.50,16521.50,16521.00,16521.00,2
2023-12-14 17:10:%00,16523.00,16524.75,16521.50,16524.75,11
2023-12-14 17:11:%00,16524.75,16528.75,16523.50,16523.50,8
2023-12-14 17:12:%00,16525.00,16525.50,16525.00,16525.50,2
2023-12-14 17:13:%00,16528.75,16528.75,16527.00,16527.25,3
2023-12-14 17:14:%00,16527.25,16527.25,16527.25,16527.25,0
2023-12-14 17:15:%00,16527.75,16530.75,16527.50,16529.25,11
2023-12-14 17:16:%00,16531.00,16532.25,16530.75,16532.25,5
2023-12-14 17:17:%00,16532.25,16532.25,16529.25,16529.25,4
2023-12-14 17:18:%00,16529.75,16531.50,16529.75,16531.50,4
2023-12-14 17:19:%00,16532.50,16533.50,16531.50,16533.50,5
2023-12-14 17:20:%00,16535.00,16537.75,16535.00,16537.50,10
2023-12-14 17:21:%00,16537.75,16538.00,16536.75,16536.75,8
2023-12-14 17:22:%00,16537.00,16537.75,16537.00,16537.75,3
2023-12-14 17:23:%00,16537.50,16537.50,16535.50,16536.75,10
2023-12-14 17:24:%00,16536.75,16537.25,16536.75,16537.25,4
2023-12-14 17:25:%00,16539.25,16540.50,16539.00,16539.25,13
2023-12-14 17:26:%00,16539.50,16542.75,16539.50,16542.75,6
2023-12-14 17:27:%00,16542.25,16545.25,16542.25,16544.00,22
2023-12-14 17:28:%00,16544.00,16548.00,16543.75,16545.25,23
2023-12-14 17:29:%00,16545.50,16546.50,16544.50,16544.50,8
2023-12-14 17:30:%00,16545.00,16547.50,16545.00,16546.25,10
2023-12-14 17:31:%00,16545.50,16545.50,16544.00,16545.50,20
2023-12-14 17:32:%00,16544.75,16545.50,16544.75,16545.50,5
2023-12-14 17:33:%00,16545.50,16546.25,16544.50,16546.00,45
2023-12-14 17:34:%00,16546.00,16548.00,16545.50,16548.00,33
2023-12-14 17:35:%00,16547.50,16547.75,16543.75,16543.75,17
2023-12-14 17:36:%00,16544.00,16544.25,16542.75,16543.00,13
2023-12-14 17:37:%00,16542.75,16543.75,16542.00,16542.50,22
2023-12-14 17:38:%00,16542.25,16545.50,16542.25,16545.50,16
2023-12-14 17:39:%00,16545.00,16546.00,16544.75,16545.50,11
2023-12-14 17:40:%00,16545.75,16546.25,16545.75,16546.00,4
2023-12-14 17:41:%00,16547.25,16547.25,16546.00,16546.25,5
2023-12-14 17:42:%00,16548.25,16548.25,16547.50,16547.50,3
2023-12-14 17:43:%00,16548.25,16548.25,16548.25,16548.25,1
2023-12-14 17:44:%00,16548.25,16548.50,16547.50,16547.50,5
2023-12-14 17:46:%00,16548.50,16550.75,16548.50,16549.75,22
2023-12-14 17:47:%00,16550.75,16550.75,16549.75,16550.00,3
2023-12-14 17:48:%00,16551.00,16551.50,16551.00,16551.00,3
2023-12-14 17:49:%00,16551.00,16551.00,16549.50,16549.50,12
2023-12-14 17:50:%00,16550.75,16551.25,16550.50,16550.75,11
2023-12-14 17:51:%00,16550.75,16552.25,16550.75,16550.75,11
2023-12-14 17:52:%00,16551.00,16551.00,16550.00,16550.25,11
2023-12-14 17:53:%00,16551.00,16551.25,16549.75,16550.50,11
2023-12-14 17:54:%00,16550.25,16551.00,16550.25,16551.00,5
2023-12-14 17:55:%00,16550.75,16550.75,16550.25,16550.25,2
2023-12-14 17:56:%00,16549.75,16549.75,16549.00,16549.25,4
2023-12-14 17:57:%00,16550.25,16550.25,16549.50,16549.50,2
2023-12-14 17:58:%00,16549.75,16550.50,16549.75,16550.50,4
2023-12-14 17:59:%00,16550.00,16550.50,16550.00,16550.50,2
2023-12-14 18:00:%00,16550.00,16551.00,16550.00,16551.00,5
2023-12-14 18:01:%00,16551.50,16551.75,16550.00,16551.50,6
2023-12-14 18:02:%00,16551.50,16555.00,16551.50,16553.00,7
2023-12-14 18:03:%00,16553.75,16556.00,16553.75,16555.50,6
2023-12-14 18:04:%00,16555.75,16559.25,16555.75,16558.75,13
2023-12-14 18:05:%00,16559.00,16560.75,16558.75,16559.25,16
2023-12-14 18:06:%00,16558.75,16560.00,16558.75,16560.00,11
2023-12-14 18:07:%00,16561.00,16561.00,16558.00,16558.25,5
2023-12-14 18:08:%00,16559.00,16559.00,16557.50,16558.50,9
2023-12-14 18:09:%00,16558.50,16560.00,16558.00,16559.25,4
2023-12-14 18:10:%00,16559.75,16561.00,16559.75,16561.00,3
2023-12-14 18:11:%00,16561.75,16561.75,16558.25,16558.25,9
2023-12-14 18:12:%00,16559.25,16559.25,16557.50,16558.25,9
2023-12-14 18:13:%00,16558.75,16560.75,16558.75,16560.75,4
2023-12-14 18:14:%00,16560.50,16561.25,16559.75,16561.00,15
2023-12-14 18:15:%00,16560.75,16563.00,16560.75,16563.00,5
2023-12-14 18:16:%00,16563.00,16563.00,16558.00,16558.00,9
2023-12-14 18:17:%00,16557.75,16557.75,16552.50,16554.00,24
2023-12-14 18:18:%00,16554.00,16555.75,16553.75,16554.50,31
2023-12-14 18:19:%00,16554.00,16554.50,16553.25,16553.50,10
2023-12-14 18:20:%00,16554.00,16556.25,16554.00,16554.75,9
2023-12-14 18:21:%00,16554.50,16555.00,16552.50,16552.50,6
2023-12-14 18:22:%00,16552.50,16552.50,16548.50,16551.25,21
2023-12-14 18:23:%00,16551.75,16552.00,16551.00,16551.00,4
2023-12-14 18:24:%00,16551.25,16555.25,16551.25,16554.00,6
2023-12-14 18:25:%00,16554.50,16555.50,16552.50,16552.75,12
2023-12-14 18:26:%00,16551.75,16552.25,16551.25,16552.25,5
2023-12-14 18:27:%00,16553.50,16553.50,16553.00,16553.25,3
2023-12-14 18:28:%00,16553.00,16553.25,16551.00,16551.00,4
2023-12-14 18:29:%00,16551.00,16551.00,16549.25,16549.25,9
2023-12-14 18:30:%00,16549.75,16550.00,16549.50,16550.00,3
2023-12-14 18:31:%00,16547.25,16552.50,16547.00,16552.25,10
2023-12-14 18:32:%00,16551.25,16551.25,16551.25,16551.25,1
2023-12-14 18:33:%00,16552.00,16553.50,16551.50,16551.50,5
2023-12-14 18:34:%00,16549.75,16550.50,16549.75,16550.50,4
2023-12-14 18:35:%00,16550.00,16550.00,16547.25,16547.50,6
2023-12-14 18:36:%00,16550.00,16550.25,16547.50,16547.50,4
2023-12-14 18:37:%00,16547.50,16548.25,16547.00,16548.25,5
2023-12-14 18:38:%00,16549.75,16551.25,16549.50,16551.00,4
2023-12-14 18:39:%00,16549.50,16551.00,16549.50,16551.00,3
2023-12-14 18:40:%00,16553.25,16553.75,16553.25,16553.75,2
2023-12-14 18:41:%00,16554.75,16556.00,16553.50,16553.50,5
2023-12-14 18:42:%00,16554.50,16554.75,16553.25,16554.00,5
2023-12-14 18:43:%00,16554.00,16555.50,16554.00,16555.00,4
2023-12-14 18:44:%00,16554.75,16554.75,16550.50,16551.25,7
2023-12-14 18:45:%00,16551.75,16551.75,16549.75,16550.75,5
2023-12-14 18:46:%00,16549.00,16549.00,16549.00,16549.00,1
2023-12-14 18:47:%00,16549.75,16550.00,16547.50,16548.00,6
2023-12-14 18:48:%00,16548.00,16548.50,16545.00,16546.50,17
2023-12-14 18:49:%00,16546.50,16547.25,16545.50,16546.50,10
2023-12-14 18:50:%00,16546.75,16550.25,16546.75,16550.00,9
2023-12-14 18:51:%00,16549.25,16549.25,16546.50,16546.50,6
2023-12-14 18:52:%00,16547.25,16547.75,16546.00,16546.00,8
2023-12-14 18:53:%00,16546.50,16549.00,16546.00,16547.50,17
2023-12-14 18:54:%00,16547.25,16548.50,16546.25,16546.25,6
2023-12-14 18:55:%00,16546.25,16547.25,16546.00,16547.25,6
2023-12-14 18:56:%00,16550.00,16551.75,16550.00,16551.50,8
2023-12-14 18:57:%00,16551.75,16551.75,16550.50,16551.25,7
2023-12-14 18:58:%00,16550.00,16550.00,16547.00,16547.25,7
2023-12-14 18:59:%00,16547.25,16548.75,16546.50,16548.75,12
2023-12-14 19:00:%00,16549.25,16551.75,16547.75,16547.75,7
2023-12-14 19:01:%00,16550.25,16550.25,16543.00,16544.00,19
2023-12-14 19:02:%00,16544.75,16546.75,16544.50,16544.50,11
2023-12-14 19:03:%00,16544.75,16546.00,16544.75,16546.00,7
2023-12-14 19:04:%00,16545.00,16546.25,16545.00,16546.00,3
2023-12-14 19:05:%00,16545.00,16546.50,16541.00,16542.25,13
2023-12-14 19:06:%00,16543.00,16543.75,16538.00,16540.50,31
2023-12-14 19:07:%00,16539.00,16541.50,16537.50,16540.50,19
2023-12-14 19:08:%00,16538.25,16540.75,16538.25,16539.75,10
2023-12-14 19:09:%00,16540.25,16541.00,16539.25,16539.25,11
2023-12-14 19:10:%00,16538.50,16540.50,16536.00,16540.50,25
2023-12-14 19:11:%00,16542.00,16549.25,16542.00,16547.00,28
2023-12-14 19:12:%00,16548.25,16548.25,16545.00,16545.00,5
2023-12-14 19:13:%00,16545.25,16545.25,16542.25,16542.25,4
2023-12-14 19:14:%00,16543.50,16544.50,16542.25,16544.25,23
2023-12-14 19:15:%00,16544.50,16548.50,16543.00,16548.50,59
2023-12-14 19:16:%00,16548.75,16548.75,16546.75,16547.00,7
2023-12-14 19:17:%00,16546.50,16546.50,16546.00,16546.50,3
2023-12-14 19:18:%00,16548.00,16549.50,16547.75,16549.50,6
2023-12-14 19:19:%00,16549.25,16550.00,16548.00,16548.25,9
2023-12-14 19:20:%00,16547.75,16551.00,16547.75,16549.75,6
2023-12-14 19:21:%00,16549.00,16549.75,16548.50,16549.75,7
2023-12-14 19:22:%00,16550.00,16550.00,16549.00,16549.00,2
2023-12-14 19:23:%00,16548.00,16548.25,16548.00,16548.25,2
2023-12-14 19:24:%00,16549.00,16549.75,16549.00,16549.75,5
2023-12-14 19:25:%00,16550.00,16550.75,16546.75,16547.50,47
2023-12-14 19:26:%00,16547.50,16550.25,16547.25,16550.00,25
2023-12-14 19:27:%00,16550.00,16551.00,16549.50,16549.75,26
2023-12-14 19:28:%00,16550.25,16551.25,16550.00,16550.50,11
2023-12-14 19:29:%00,16550.75,16553.50,16550.75,16552.75,16
2023-12-14 19:30:%00,16552.25,16553.50,16552.25,16553.50,3
2023-12-14 19:31:%00,16553.50,16554.50,16552.75,16553.00,12
2023-12-14 19:32:%00,16554.50,16555.25,16554.50,16555.00,7
2023-12-14 19:33:%00,16556.00,16557.00,16551.00,16551.25,12
2023-12-14 19:34:%00,16550.50,16551.50,16550.00,16551.25,6
2023-12-14 19:35:%00,16551.50,16552.75,16551.00,16551.50,9
2023-12-14 19:36:%00,16552.25,16552.25,16550.75,16551.25,6
2023-12-14 19:37:%00,16552.50,16553.00,16551.50,16553.00,3
2023-12-14 19:38:%00,16552.50,16552.50,16552.00,16552.00,2
2023-12-14 19:39:%00,16552.50,16554.00,16552.50,16554.00,4
2023-12-14 19:40:%00,16554.00,16554.50,16554.00,16554.25,3
2023-12-14 19:41:%00,16552.00,16552.00,16549.00,16549.00,55
2023-12-14 19:42:%00,16549.00,16552.25,16549.00,16551.00,47
2023-12-14 19:43:%00,16550.75,16551.75,16550.25,16550.25,11
2023-12-14 19:44:%00,16550.50,16551.25,16549.75,16550.50,7
2023-12-14 19:45:%00,16550.25,16554.25,16549.50,16554.25,7
2023-12-14 19:46:%00,16554.00,16554.50,16553.25,16553.75,16
2023-12-14 19:47:%00,16553.75,16554.00,16553.25,16553.25,2
2023-12-14 19:48:%00,16554.00,16555.00,16554.00,16555.00,3
2023-12-14 19:49:%00,16555.00,16555.00,16553.50,16554.00,5
2023-12-14 19:50:%00,16554.25,16555.50,16553.25,16554.75,9
2023-12-14 19:51:%00,16553.50,16553.50,16552.25,16552.25,4
2023-12-14 19:52:%00,16552.50,16552.50,16552.25,16552.25,2
2023-12-14 19:53:%00,16552.50,16552.50,16550.50,16550.50,2
2023-12-14 19:54:%00,16550.25,16550.25,16549.50,16549.50,4
2023-12-14 19:55:%00,16549.50,16549.75,16548.75,16548.75,3
2023-12-14 19:56:%00,16551.25,16551.25,16550.50,16550.50,4
2023-12-14 19:57:%00,16550.50,16551.00,16550.50,16551.00,2
2023-12-14 19:58:%00,16551.00,16551.00,16551.00,16551.00,0
2023-12-14 19:59:%00,16549.75,16549.75,16549.75,16549.75,1
2023-12-14 20:00:%00,16549.00,16551.00,16548.75,16551.00,5
2023-12-14 20:02:%00,16549.75,16550.25,16549.75,16550.25,2
2023-12-14 20:03:%00,16549.00,16550.50,16549.00,16550.50,4
2023-12-14 20:04:%00,16550.25,16550.50,16550.00,16550.50,3
2023-12-14 20:05:%00,16552.50,16553.25,16552.25,16552.75,6
2023-12-14 20:06:%00,16554.00,16555.50,16554.00,16555.25,9
2023-12-14 20:07:%00,16555.50,16556.75,16555.50,16556.75,6
2023-12-14 20:08:%00,16556.25,16556.25,16555.00,16555.00,2
2023-12-14 20:09:%00,16554.00,16554.00,16552.75,16553.75,4
2023-12-14 20:10:%00,16553.75,16555.25,16553.75,16554.25,11
2023-12-14 20:11:%00,16553.25,16553.25,16553.25,16553.25,1
2023-12-14 20:12:%00,16553.00,16553.75,16553.00,16553.50,7
2023-12-14 20:13:%00,16553.50,16554.00,16553.00,16554.00,2
2023-12-14 20:14:%00,16553.50,16553.50,16553.00,16553.00,2
2023-12-14 20:15:%00,16553.75,16558.25,16553.50,16556.50,11
2023-12-14 20:16:%00,16557.50,16557.50,16557.00,16557.00,3
2023-12-14 20:17:%00,16556.75,16558.50,16556.00,16556.00,6
2023-12-14 20:18:%00,16555.25,16555.25,16555.25,16555.25,1
2023-12-14 20:20:%00,16557.50,16557.50,16557.50,16557.50,1
2023-12-14 20:21:%00,16556.75,16556.75,16555.50,16555.50,5
2023-12-14 20:22:%00,16555.50,16555.50,16555.50,16555.50,0
2023-12-14 20:23:%00,16556.25,16556.25,16556.25,16556.25,1
2023-12-14 20:24:%00,16557.25,16558.50,16557.25,16558.50,5
2023-12-14 20:25:%00,16558.00,16559.50,16558.00,16559.00,10
2023-12-14 20:26:%00,16560.00,16560.00,16558.75,16558.75,8
2023-12-14 20:27:%00,16558.50,16558.50,16557.50,16558.00,10
2023-12-14 20:28:%00,16557.75,16558.75,16557.75,16557.75,3
2023-12-14 20:29:%00,16558.25,16560.00,16557.50,16560.00,16
2023-12-14 20:30:%00,16560.00,16562.50,16559.25,16561.00,30
2023-12-14 20:31:%00,16561.50,16562.50,16559.50,16561.75,17
2023-12-14 20:32:%00,16562.25,16562.25,16559.75,16559.75,20
2023-12-14 20:33:%00,16561.00,16561.00,16559.00,16559.00,10
2023-12-14 20:34:%00,16558.00,16558.75,16555.50,16558.75,15
2023-12-14 20:35:%00,16555.25,16557.25,16552.50,16557.00,10
2023-12-14 20:36:%00,16557.00,16558.25,16556.25,16557.50,7
2023-12-14 20:37:%00,16557.50,16557.75,16556.25,16556.25,6
2023-12-14 20:38:%00,16555.75,16555.75,16555.50,16555.50,2
2023-12-14 20:39:%00,16553.75,16553.75,16551.25,16552.00,9
2023-12-14 20:40:%00,16552.75,16553.25,16552.25,16552.25,4
2023-12-14 20:41:%00,16553.75,16553.75,16553.75,16553.75,1
2023-12-14 20:42:%00,16552.25,16553.00,16551.25,16551.25,6
2023-12-14 20:43:%00,16552.75,16553.25,16550.50,16550.50,6
2023-12-14 20:44:%00,16551.25,16551.25,16549.75,16549.75,4
2023-12-14 20:45:%00,16550.75,16552.50,16550.00,16550.00,11
2023-12-14 20:46:%00,16549.50,16551.00,16549.50,16551.00,2
2023-12-14 20:47:%00,16551.25,16552.25,16549.50,16550.75,7
2023-12-14 20:48:%00,16549.50,16550.75,16549.50,16550.25,4
2023-12-14 20:49:%00,16550.00,16550.25,16548.75,16549.00,19
2023-12-14 20:50:%00,16548.75,16550.25,16547.50,16550.00,39
2023-12-14 20:51:%00,16550.25,16551.00,16548.75,16551.00,7
2023-12-14 20:52:%00,16549.75,16550.25,16549.50,16549.75,8
2023-12-14 20:53:%00,16549.75,16550.25,16548.00,16549.25,12
2023-12-14 20:54:%00,16549.25,16549.75,16549.25,16549.75,3
2023-12-14 20:56:%00,16550.50,16550.50,16550.50,16550.50,1
2023-12-14 20:57:%00,16552.75,16553.75,16552.75,16553.75,4
2023-12-14 20:58:%00,16551.25,16555.00,16551.25,16552.50,7
2023-12-14 20:59:%00,16553.75,16554.25,16553.00,16553.50,6
2023-12-14 21:00:%00,16553.50,16554.25,16552.50,16554.25,6
2023-12-14 21:01:%00,16552.50,16552.50,16549.75,16551.25,9
2023-12-14 21:02:%00,16551.25,16551.25,16549.75,16549.75,4
2023-12-14 21:03:%00,16550.25,16551.00,16550.25,16550.25,10
2023-12-14 21:04:%00,16551.25,16551.50,16551.25,16551.50,2
2023-12-14 21:06:%00,16554.25,16554.25,16554.25,16554.25,1
2023-12-14 21:07:%00,16554.00,16555.00,16554.00,16555.00,3
2023-12-14 21:08:%00,16552.75,16552.75,16552.75,16552.75,1
2023-12-14 21:09:%00,16554.25,16554.25,16553.50,16553.50,3
2023-12-14 21:10:%00,16553.50,16554.25,16553.50,16554.25,1
2023-12-14 21:12:%00,16553.25,16555.00,16553.25,16554.25,7
2023-12-14 21:13:%00,16554.75,16555.50,16552.75,16552.75,6
2023-12-14 21:14:%00,16551.75,16553.75,16551.75,16553.75,2
2023-12-14 21:15:%00,16554.00,16554.50,16554.00,16554.50,2
2023-12-14 21:16:%00,16553.00,16553.00,16550.25,16551.75,5
2023-12-14 21:17:%00,16551.75,16551.75,16551.75,16551.75,0
2023-12-14 21:20:%00,16551.75,16551.75,16551.75,16551.75,0
2023-12-14 21:22:%00,16552.50,16552.50,16551.75,16551.75,2
2023-12-14 21:23:%00,16553.25,16554.00,16551.00,16551.00,7
2023-12-14 21:24:%00,16551.00,16551.00,16551.00,16551.00,0
2023-12-14 21:26:%00,16553.00,16554.00,16552.75,16554.00,7
2023-12-14 21:27:%00,16553.75,16553.75,16551.75,16553.50,6
2023-12-14 21:28:%00,16553.75,16553.75,16553.75,16553.75,1
2023-12-14 21:29:%00,16553.50,16553.50,16551.25,16551.75,5
2023-12-14 21:30:%00,16552.25,16552.75,16552.25,16552.75,7
2023-12-14 21:31:%00,16552.50,16552.50,16551.25,16551.25,2
2023-12-14 21:32:%00,16551.25,16551.75,16551.00,16551.75,4
2023-12-14 21:33:%00,16552.00,16552.00,16551.25,16551.25,4
2023-12-14 21:34:%00,16551.25,16552.75,16551.25,16552.75,6
2023-12-14 21:35:%00,16552.75,16552.75,16552.50,16552.50,1
2023-12-14 21:36:%00,16552.50,16552.75,16552.50,16552.50,2
2023-12-14 21:37:%00,16552.25,16552.75,16551.75,16551.75,4
2023-12-14 21:38:%00,16552.25,16553.00,16552.00,16553.00,3
2023-12-14 21:40:%00,16554.00,16555.00,16554.00,16555.00,2
2023-12-14 21:41:%00,16556.00,16556.00,16555.75,16555.75,2
2023-12-14 21:42:%00,16555.00,16555.25,16554.50,16555.25,5
2023-12-14 21:43:%00,16555.50,16557.75,16555.50,16557.75,10
2023-12-14 21:44:%00,16557.00,16557.75,16556.50,16556.50,6
2023-12-14 21:45:%00,16556.00,16557.75,16556.00,16556.50,5
2023-12-14 21:46:%00,16556.50,16556.50,16554.00,16555.50,6
2023-12-14 21:49:%00,16557.50,16557.75,16557.50,16557.75,2
2023-12-14 21:50:%00,16557.00,16558.50,16557.00,16557.50,5
2023-12-14 21:51:%00,16556.75,16557.75,16556.75,16556.75,4
2023-12-14 21:52:%00,16557.25,16558.25,16556.75,16556.75,4
2023-12-14 21:53:%00,16557.00,16557.25,16556.75,16557.25,3
2023-12-14 21:54:%00,16556.50,16557.00,16555.00,16555.00,9
2023-12-14 21:55:%00,16556.50,16556.50,16556.50,16556.50,1
2023-12-14 21:56:%00,16555.50,16556.00,16554.25,16556.00,6
2023-12-14 21:57:%00,16557.00,16562.25,16557.00,16560.75,20
2023-12-14 21:58:%00,16560.50,16560.50,16560.25,16560.25,2
2023-12-14 21:59:%00,16561.00,16562.25,16561.00,16562.25,4
2023-12-14 22:00:%00,16562.75,16563.75,16562.75,16563.00,6
2023-12-14 22:01:%00,16561.50,16561.50,16560.75,16560.75,2
2023-12-14 22:02:%00,16561.50,16563.00,16561.25,16562.50,24
2023-12-14 22:03:%00,16561.75,16561.75,16559.25,16561.00,23
2023-12-14 22:04:%00,16561.25,16562.50,16558.50,16562.00,23
2023-12-14 22:05:%00,16561.75,16563.25,16561.25,16562.50,27
2023-12-14 22:06:%00,16562.75,16562.75,16560.00,16560.00,11
2023-12-14 22:07:%00,16561.00,16561.50,16561.00,16561.50,3
2023-12-14 22:08:%00,16561.50,16563.75,16561.50,16563.75,13
2023-12-14 22:09:%00,16563.00,16563.00,16561.75,16562.50,10
2023-12-14 22:10:%00,16562.75,16562.75,16561.50,16562.75,8
2023-12-14 22:11:%00,16562.75,16563.00,16560.75,16563.00,7
2023-12-14 22:12:%00,16562.50,16563.75,16562.50,16563.75,6
2023-12-14 22:13:%00,16563.50,16564.50,16563.50,16564.50,5
2023-12-14 22:14:%00,16564.25,16564.50,16564.25,16564.50,2
2023-12-14 22:15:%00,16563.75,16564.25,16562.50,16564.25,6
2023-12-14 22:16:%00,16563.00,16563.00,16562.25,16562.25,4
2023-12-14 22:17:%00,16563.00,16564.00,16562.50,16563.25,4
2023-12-14 22:20:%00,16563.25,16564.00,16562.75,16564.00,7
2023-12-14 22:21:%00,16563.25,16563.25,16563.25,16563.25,1
2023-12-14 22:22:%00,16563.50,16563.50,16563.50,16563.50,1
2023-12-14 22:23:%00,16563.00,16563.00,16560.00,16560.00,8
2023-12-14 22:24:%00,16561.00,16561.00,16560.00,16560.00,4
2023-12-14 22:25:%00,16560.00,16560.50,16560.00,16560.50,1
2023-12-14 22:26:%00,16561.00,16561.00,16561.00,16561.00,1
2023-12-14 22:28:%00,16561.00,16562.00,16560.00,16562.00,6
2023-12-14 22:29:%00,16563.00,16563.50,16562.50,16562.50,6
2023-12-14 22:30:%00,16561.75,16561.75,16561.50,16561.50,2
2023-12-14 22:31:%00,16561.50,16562.50,16561.50,16562.50,3
2023-12-14 22:32:%00,16561.25,16561.25,16561.25,16561.25,1
2023-12-14 22:34:%00,16561.25,16561.25,16561.25,16561.25,0
2023-12-14 22:36:%00,16562.25,16562.75,16562.25,16562.75,3
2023-12-14 22:37:%00,16562.50,16562.50,16562.50,16562.50,1
2023-12-14 22:38:%00,16562.75,16562.75,16562.75,16562.75,1
2023-12-14 22:39:%00,16561.75,16561.75,16561.75,16561.75,1
2023-12-14 22:40:%00,16561.50,16561.50,16561.25,16561.25,2
2023-12-14 22:41:%00,16562.50,16562.50,16562.50,16562.50,1
2023-12-14 22:42:%00,16562.25,16563.00,16562.25,16563.00,5
2023-12-14 22:43:%00,16562.75,16563.00,16562.75,16563.00,2
2023-12-14 22:44:%00,16562.25,16562.75,16562.00,16562.00,3
2023-12-14 22:45:%00,16562.75,16562.75,16562.00,16562.00,2
2023-12-14 22:46:%00,16561.00,16561.00,16561.00,16561.00,1
2023-12-14 22:47:%00,16561.00,16561.00,16561.00,16561.00,0
2023-12-14 22:48:%00,16561.00,16561.00,16559.50,16559.50,2
2023-12-14 22:49:%00,16559.50,16559.75,16559.50,16559.75,1
2023-12-14 22:50:%00,16560.00,16560.25,16559.25,16560.25,7
2023-12-14 22:51:%00,16559.25,16559.50,16559.00,16559.00,3
2023-12-14 22:52:%00,16559.00,16559.50,16558.75,16559.50,2
2023-12-14 22:53:%00,16559.00,16559.00,16559.00,16559.00,1
2023-12-14 22:54:%00,16558.75,16559.50,16558.75,16559.50,2
2023-12-14 22:55:%00,16558.75,16558.75,16558.00,16558.00,5
2023-12-14 22:56:%00,16558.50,16559.00,16558.50,16559.00,2
2023-12-14 22:57:%00,16559.00,16600.00,16559.00,16600.00,5
2023-12-14 22:59:%00,16561.75,16563.00,16561.50,16561.50,3
2023-12-14 23:00:%00,16561.25,16561.75,16561.00,16561.75,4
2023-12-14 23:01:%00,16561.00,16561.00,16560.75,16560.75,2
2023-12-14 23:02:%00,16560.75,16560.75,16560.75,16560.75,0
2023-12-14 23:03:%00,16560.25,16560.50,16560.25,16560.50,2
2023-12-14 23:04:%00,16559.25,16559.25,16559.25,16559.25,1
2023-12-14 23:05:%00,16559.25,16559.25,16559.25,16559.25,0
2023-12-14 23:06:%00,16558.75,16558.75,16557.75,16557.75,4
2023-12-14 23:07:%00,16559.25,16559.25,16558.50,16559.25,7
2023-12-14 23:08:%00,16560.00,16561.00,16558.50,16561.00,7
2023-12-14 23:09:%00,16562.75,16564.50,16562.75,16563.75,10
2023-12-14 23:10:%00,16562.75,16562.75,16562.25,16562.25,2
2023-12-14 23:11:%00,16560.75,16560.75,16560.75,16560.75,1
2023-12-14 23:12:%00,16557.00,16557.75,16557.00,16557.00,3
2023-12-14 23:13:%00,16558.50,16560.50,16557.50,16557.50,5
2023-12-14 23:15:%00,16559.75,16560.00,16559.75,16560.00,2
2023-12-14 23:17:%00,16560.75,16561.00,16560.75,16561.00,2
2023-12-14 23:18:%00,16560.00,16560.00,16559.25,16560.00,4
2023-12-14 23:19:%00,16558.00,16559.00,16558.00,16558.50,3
2023-12-14 23:20:%00,16558.00,16559.25,16558.00,16558.25,7
2023-12-14 23:21:%00,16558.25,16558.25,16555.00,16555.00,8
2023-12-14 23:22:%00,16553.75,16554.00,16550.25,16552.75,16
2023-12-14 23:23:%00,16555.75,16555.75,16555.75,16555.75,1
2023-12-14 23:24:%00,16555.75,16556.25,16555.75,16555.75,3
2023-12-14 23:25:%00,16555.75,16555.75,16554.75,16555.25,5
2023-12-14 23:26:%00,16554.25,16554.25,16554.25,16554.25,1
2023-12-14 23:27:%00,16554.25,16555.00,16554.25,16555.00,1
2023-12-14 23:28:%00,16555.00,16556.00,16555.00,16556.00,1
2023-12-14 23:29:%00,16557.00,16559.00,16557.00,16559.00,6
2023-12-14 23:30:%00,16556.00,16556.00,16556.00,16556.00,1
2023-12-14 23:31:%00,16555.00,16555.50,16555.00,16555.00,3
2023-12-14 23:32:%00,16555.00,16555.00,16555.00,16555.00,0
2023-12-14 23:33:%00,16554.50,16554.50,16553.75,16553.75,2
2023-12-14 23:34:%00,16553.00,16553.00,16552.00,16552.00,2
2023-12-14 23:35:%00,16551.75,16551.75,16549.00,16551.25,52
2023-12-14 23:36:%00,16551.25,16553.75,16550.75,16553.75,5
2023-12-14 23:37:%00,16554.00,16554.00,16553.50,16553.75,4
2023-12-14 23:38:%00,16552.50,16552.50,16551.00,16551.00,3
2023-12-14 23:39:%00,16551.00,16551.00,16550.25,16550.25,2
2023-12-14 23:40:%00,16550.00,16551.50,16549.25,16551.50,12
2023-12-14 23:41:%00,16551.75,16552.25,16551.75,16552.00,3
2023-12-14 23:42:%00,16551.50,16552.25,16550.75,16551.75,7
2023-12-14 23:43:%00,16553.25,16554.00,16553.25,16554.00,2
2023-12-14 23:45:%00,16553.25,16553.25,16553.25,16553.25,1
2023-12-14 23:46:%00,16554.00,16554.00,16554.00,16554.00,1
2023-12-14 23:47:%00,16556.00,16556.00,16554.75,16554.75,3
2023-12-14 23:48:%00,16555.25,16556.25,16555.25,16556.25,4
2023-12-14 23:49:%00,16557.25,16557.25,16557.00,16557.00,2
2023-12-14 23:52:%00,16558.25,16560.00,16558.25,16559.75,4
2023-12-14 23:53:%00,16559.75,16560.50,16559.50,16560.50,2
2023-12-14 23:54:%00,16560.25,16560.75,16560.25,16560.75,2
2023-12-14 23:55:%00,16560.50,16562.00,16560.50,16560.50,4
2023-12-14 23:56:%00,16562.00,16562.50,16562.00,16562.50,3
2023-12-14 23:57:%00,16564.00,16564.50,16561.75,16563.50,16
2023-12-14 23:58:%00,16563.50,16565.00,16562.50,16564.25,26
2023-12-14 23:59:%00,16564.25,16564.75,16562.50,16563.25,19
2023-12-15 00:00:%00,16560.50,16561.50,16554.00,16557.00,31
2023-12-15 00:01:%00,16556.75,16556.75,16555.50,16556.25,15
2023-12-15 00:02:%00,16556.00,16557.50,16554.75,16557.50,14
2023-12-15 00:03:%00,16557.50,16558.00,16557.25,16557.50,7
2023-12-15 00:04:%00,16555.75,16555.75,16555.50,16555.50,2
2023-12-15 00:05:%00,16555.75,16557.00,16555.75,16557.00,5
2023-12-15 00:06:%00,16558.50,16559.50,16558.50,16559.50,3
2023-12-15 00:07:%00,16559.75,16559.75,16559.75,16559.75,1
2023-12-15 00:08:%00,16561.25,16561.50,16561.00,16561.25,4
2023-12-15 00:09:%00,16560.00,16560.00,16559.25,16560.00,4
2023-12-15 00:11:%00,16557.50,16557.50,16557.50,16557.50,1
2023-12-15 00:12:%00,16555.75,16556.75,16555.75,16556.75,3
2023-12-15 00:13:%00,16556.25,16557.75,16556.25,16557.50,3
2023-12-15 00:14:%00,16556.25,16557.50,16556.25,16557.50,2
2023-12-15 00:15:%00,16556.50,16556.50,16556.50,16556.50,1
2023-12-15 00:17:%00,16557.00,16557.00,16553.50,16553.75,19
2023-12-15 00:18:%00,16553.00,16555.00,16552.75,16555.00,19
2023-12-15 00:20:%00,16554.25,16554.25,16554.25,16554.25,1
2023-12-15 00:21:%00,16553.25,16555.75,16553.25,16555.75,4
2023-12-15 00:22:%00,16555.00,16555.50,16555.00,16555.50,2
2023-12-15 00:23:%00,16555.00,16555.00,16555.00,16555.00,1
2023-12-15 00:24:%00,16554.75,16554.75,16554.75,16554.75,1
2023-12-15 00:25:%00,16554.50,16554.50,16553.75,16553.75,3
2023-12-15 00:26:%00,16555.75,16555.75,16555.75,16555.75,1
2023-12-15 00:27:%00,16555.50,16555.50,16555.50,16555.50,1
2023-12-15 00:28:%00,16555.50,16555.50,16555.50,16555.50,0
2023-12-15 00:29:%00,16556.00,16556.00,16555.00,16555.00,2
2023-12-15 00:31:%00,16557.00,16557.00,16556.25,16556.25,3
2023-12-15 00:33:%00,16557.25,16559.50,16556.50,16559.25,9
2023-12-15 00:34:%00,16558.50,16558.50,16558.50,16558.50,1
2023-12-15 00:35:%00,16558.25,16558.25,16558.25,16558.25,1
2023-12-15 00:37:%00,16557.25,16557.75,16557.00,16557.00,3
2023-12-15 00:38:%00,16555.75,16555.75,16555.75,16555.75,1
2023-12-15 00:39:%00,16555.75,16555.75,16555.75,16555.75,0
2023-12-15 00:40:%00,16556.00,16556.25,16556.00,16556.25,2
2023-12-15 00:42:%00,16558.00,16558.00,16558.00,16558.00,1
2023-12-15 00:45:%00,16558.00,16558.00,16557.00,16557.00,1
2023-12-15 00:46:%00,16555.50,16555.50,16554.25,16554.25,3
2023-12-15 00:47:%00,16557.00,16557.00,16557.00,16557.00,1
2023-12-15 00:49:%00,16556.50,16556.50,16556.50,16556.50,1
2023-12-15 00:51:%00,16557.50,16559.75,16557.50,16559.75,3
2023-12-15 00:52:%00,16559.00,16559.00,16559.00,16559.00,1
2023-12-15 00:54:%00,16560.00,16560.75,16559.00,16559.25,5
2023-12-15 00:55:%00,16556.75,16558.25,16556.50,16558.25,4
2023-12-15 00:56:%00,16558.00,16558.00,16557.25,16557.25,4
2023-12-15 00:57:%00,16556.75,16556.75,16556.25,16556.25,3
2023-12-15 00:58:%00,16556.25,16556.25,16555.25,16556.25,4
2023-12-15 00:59:%00,16556.50,16557.25,16556.50,16557.25,2
2023-12-15 01:00:%00,16557.25,16559.50,16557.25,16559.50,2
2023-12-15 01:01:%00,16560.75,16561.50,16558.50,16560.75,6
2023-12-15 01:02:%00,16559.25,16560.00,16559.25,16560.00,2
2023-12-15 01:03:%00,16561.75,16561.75,16561.00,16561.25,3
2023-12-15 01:04:%00,16562.25,16562.75,16561.75,16561.75,6
2023-12-15 01:05:%00,16562.00,16564.00,16562.00,16563.75,21
2023-12-15 01:06:%00,16564.00,16566.25,16564.00,16566.25,17
2023-12-15 01:07:%00,16566.00,16566.75,16564.00,16564.75,27
2023-12-15 01:08:%00,16565.00,16567.00,16564.25,16566.50,15
2023-12-15 01:09:%00,16565.75,16569.50,16565.75,16567.75,29
2023-12-15 01:10:%00,16568.50,16573.00,16568.25,16571.50,25
2023-12-15 01:11:%00,16569.00,16569.50,16568.75,16569.25,5
2023-12-15 01:12:%00,16569.25,16572.00,16568.50,16572.00,11
2023-12-15 01:13:%00,16572.00,16572.00,16570.00,16570.75,6
2023-12-15 01:14:%00,16570.75,16571.25,16570.75,16571.25,3
2023-12-15 01:15:%00,16572.00,16572.25,16570.25,16571.25,10
2023-12-15 01:16:%00,16570.75,16571.75,16570.75,16570.75,3
2023-12-15 01:17:%00,16572.00,16575.75,16571.75,16574.25,12
2023-12-15 01:18:%00,16575.25,16575.25,16574.50,16574.50,4
2023-12-15 01:19:%00,16574.50,16574.50,16573.00,16573.00,7
2023-12-15 01:20:%00,16574.00,16574.50,16573.25,16574.50,4
2023-12-15 01:21:%00,16574.25,16574.75,16572.75,16572.75,6
2023-12-15 01:22:%00,16573.25,16575.50,16573.25,16575.00,7
2023-12-15 01:23:%00,16575.00,16575.00,16574.50,16574.50,1
2023-12-15 01:24:%00,16573.00,16573.50,16572.75,16573.50,3
2023-12-15 01:25:%00,16573.75,16575.75,16573.75,16575.00,5
2023-12-15 01:26:%00,16576.00,16576.00,16575.75,16575.75,2
2023-12-15 01:27:%00,16576.00,16578.75,16575.75,16578.25,6
2023-12-15 01:28:%00,16579.00,16579.50,16575.00,16576.00,10
2023-12-15 01:29:%00,16576.00,16579.00,16576.00,16579.00,5
2023-12-15 01:30:%00,16577.50,16579.50,16577.00,16579.50,10
2023-12-15 01:31:%00,16578.50,16579.25,16578.25,16579.25,5
2023-12-15 01:32:%00,16578.75,16581.25,16578.50,16581.00,15
2023-12-15 01:33:%00,16581.00,16582.00,16581.00,16582.00,2
2023-12-15 01:34:%00,16580.50,16582.00,16580.50,16582.00,3
2023-12-15 01:35:%00,16582.00,16582.00,16581.25,16581.50,6
2023-12-15 01:36:%00,16581.25,16582.50,16581.25,16581.75,7
2023-12-15 01:37:%00,16581.25,16581.25,16581.00,16581.00,2
2023-12-15 01:38:%00,16582.50,16583.00,16582.50,16582.50,3
2023-12-15 01:39:%00,16582.00,16582.50,16581.75,16582.00,4
2023-12-15 01:40:%00,16581.25,16582.75,16581.25,16582.75,5
2023-12-15 01:41:%00,16582.00,16582.00,16581.00,16581.00,4
2023-12-15 01:42:%00,16581.75,16582.25,16581.25,16581.25,8
2023-12-15 01:43:%00,16582.75,16585.50,16582.75,16584.25,8
2023-12-15 01:44:%00,16584.00,16584.50,16584.00,16584.50,2
2023-12-15 01:45:%00,16585.25,16585.25,16583.50,16583.50,4
2023-12-15 01:46:%00,16584.50,16584.75,16584.00,16584.00,5
2023-12-15 01:47:%00,16585.00,16585.00,16585.00,16585.00,1
2023-12-15 01:48:%00,16585.00,16585.00,16584.50,16584.50,1
2023-12-15 01:49:%00,16586.00,16586.00,16586.00,16586.00,1
2023-12-15 01:50:%00,16584.75,16584.75,16584.75,16584.75,1
2023-12-15 01:51:%00,16584.75,16584.75,16584.75,16584.75,0
2023-12-15 01:52:%00,16584.75,16584.75,16584.75,16584.75,0
2023-12-15 01:53:%00,16584.75,16584.75,16584.75,16584.75,0
2023-12-15 01:54:%00,16586.25,16586.25,16584.75,16584.75,3
2023-12-15 01:55:%00,16586.75,16587.00,16585.50,16585.50,3
2023-12-15 01:56:%00,16586.75,16587.00,16586.75,16587.00,2
2023-12-15 01:57:%00,16587.50,16590.00,16587.50,16588.75,16
2023-12-15 01:58:%00,16588.00,16589.75,16587.00,16589.75,6
2023-12-15 01:59:%00,16590.00,16590.00,16589.00,16589.00,4
2023-12-15 02:00:%00,16587.50,16587.50,16585.00,16585.00,10
2023-12-15 02:01:%00,16584.00,16586.00,16584.00,16586.00,4
2023-12-15 02:02:%00,16587.25,16587.50,16584.25,16584.25,10
2023-12-15 02:03:%00,16586.00,16586.00,16583.25,16583.50,4
2023-12-15 02:04:%00,16586.00,16587.50,16586.00,16587.25,4
2023-12-15 02:05:%00,16586.75,16587.25,16585.50,16587.00,5
2023-12-15 02:06:%00,16585.75,16588.50,16585.75,16587.50,3
2023-12-15 02:07:%00,16586.00,16586.00,16586.00,16586.00,1
2023-12-15 02:08:%00,16585.75,16585.75,16585.75,16585.75,1
2023-12-15 02:09:%00,16587.00,16588.25,16587.00,16587.75,3
2023-12-15 02:10:%00,16588.75,16588.75,16586.50,16586.50,2
2023-12-15 02:12:%00,16586.00,16586.00,16583.50,16584.50,7
2023-12-15 02:13:%00,16585.25,16586.25,16585.25,16586.25,2
2023-12-15 02:14:%00,16583.50,16583.50,16580.75,16581.50,16
2023-12-15 02:15:%00,16582.25,16584.25,16580.25,16583.50,17
2023-12-15 02:16:%00,16585.25,16585.25,16584.50,16584.50,2
2023-12-15 02:18:%00,16585.25,16585.25,16585.25,16585.25,1
2023-12-15 02:19:%00,16584.00,16584.00,16583.50,16583.75,3
2023-12-15 02:20:%00,16584.00,16584.00,16580.50,16580.75,7
2023-12-15 02:21:%00,16580.75,16580.75,16578.75,16578.75,8
2023-12-15 02:22:%00,16579.25,16580.00,16579.00,16580.00,7
2023-12-15 02:23:%00,16580.00,16580.00,16577.50,16579.00,6
2023-12-15 02:24:%00,16578.50,16580.00,16578.25,16579.50,4
2023-12-15 02:25:%00,16579.25,16580.75,16579.25,16580.75,2
2023-12-15 02:26:%00,16579.50,16580.75,16578.75,16580.75,6
2023-12-15 02:27:%00,16579.25,16581.00,16579.25,16581.00,3
2023-12-15 02:28:%00,16583.00,16583.50,16580.25,16581.00,7
2023-12-15 02:29:%00,16578.50,16579.00,16576.75,16576.75,10
2023-12-15 02:30:%00,16578.25,16580.75,16578.25,16580.00,5
2023-12-15 02:31:%00,16581.00,16581.00,16577.50,16577.50,4
2023-12-15 02:32:%00,16577.75,16580.75,16577.25,16580.75,4
2023-12-15 02:33:%00,16580.00,16583.50,16580.00,16582.75,8
2023-12-15 02:34:%00,16583.75,16583.75,16581.50,16581.50,4
2023-12-15 02:35:%00,16580.25,16580.25,16576.50,16576.50,3
2023-12-15 02:36:%00,16576.50,16577.00,16574.00,16576.25,14
2023-12-15 02:37:%00,16574.00,16574.50,16572.50,16572.50,10
2023-12-15 02:38:%00,16573.25,16575.75,16573.25,16575.75,4
2023-12-15 02:40:%00,16576.00,16578.00,16576.00,16577.75,5
2023-12-15 02:41:%00,16579.25,16579.50,16578.75,16579.50,5
2023-12-15 02:42:%00,16579.75,16583.25,16579.75,16582.00,7
2023-12-15 02:43:%00,16582.00,16584.50,16582.00,16584.00,5
2023-12-15 02:44:%00,16584.25,16584.75,16580.50,16582.50,10
2023-12-15 02:45:%00,16580.25,16580.25,16579.25,16580.25,5
2023-12-15 02:46:%00,16582.25,16582.50,16582.25,16582.50,2
2023-12-15 02:47:%00,16579.00,16580.50,16579.00,16580.50,5
2023-12-15 02:49:%00,16579.25,16579.25,16579.25,16579.25,1
2023-12-15 02:50:%00,16577.00,16580.50,16575.75,16580.50,7
2023-12-15 02:51:%00,16579.75,16580.50,16579.25,16580.50,5
2023-12-15 02:52:%00,16580.50,16582.50,16580.50,16582.50,3
2023-12-15 02:53:%00,16582.25,16584.25,16582.25,16584.25,10
2023-12-15 02:54:%00,16584.25,16586.75,16584.25,16585.75,12
2023-12-15 02:55:%00,16587.00,16587.25,16586.25,16586.50,6
2023-12-15 02:56:%00,16587.00,16588.50,16587.00,16587.00,10
2023-12-15 02:57:%00,16587.00,16587.00,16587.00,16587.00,0
2023-12-15 02:58:%00,16587.50,16589.00,16585.75,16589.00,13
2023-12-15 02:59:%00,16588.00,16591.50,16588.00,16590.75,32
2023-12-15 03:00:%00,16590.50,16591.25,16587.00,16587.00,18
2023-12-15 03:01:%00,16587.25,16589.75,16585.25,16586.50,22
2023-12-15 03:02:%00,16586.00,16589.25,16586.00,16587.25,37
2023-12-15 03:03:%00,16587.25,16587.25,16584.75,16587.00,19
2023-12-15 03:04:%00,16586.75,16586.75,16584.25,16585.25,8
2023-12-15 03:05:%00,16584.25,16588.75,16583.50,16588.75,19
2023-12-15 03:06:%00,16588.00,16589.50,16587.75,16589.25,16
2023-12-15 03:07:%00,16588.75,16590.50,16588.00,16590.50,11
2023-12-15 03:08:%00,16590.50,16591.25,16589.25,16590.25,11
2023-12-15 03:09:%00,16590.25,16590.75,16589.25,16590.75,15
2023-12-15 03:10:%00,16591.00,16595.00,16591.00,16594.50,60
2023-12-15 03:11:%00,16594.50,16594.50,16591.75,16592.50,25
2023-12-15 03:12:%00,16592.25,16594.00,16591.50,16591.50,21
2023-12-15 03:13:%00,16591.50,16592.75,16591.00,16592.50,7
2023-12-15 03:14:%00,16593.25,16595.25,16593.00,16594.75,27
2023-12-15 03:15:%00,16594.75,16596.00,16594.00,16594.00,23
2023-12-15 03:16:%00,16593.75,16594.50,16591.75,16591.75,12
2023-12-15 03:17:%00,16591.50,16595.50,16591.50,16595.25,28
2023-12-15 03:18:%00,16594.75,16596.25,16593.25,16593.25,24
2023-12-15 03:19:%00,16593.75,16596.25,16592.50,16595.75,14
2023-12-15 03:20:%00,16595.75,16597.25,16595.00,16596.00,19
2023-12-15 03:21:%00,16595.25,16596.25,16594.75,16595.75,14
2023-12-15 03:22:%00,16596.00,16597.00,16594.00,16596.00,32
2023-12-15 03:23:%00,16596.50,16598.00,16596.25,16598.00,13
2023-12-15 03:24:%00,16597.50,16598.25,16597.00,16598.00,12
2023-12-15 03:25:%00,16597.50,16598.25,16597.00,16597.50,9
2023-12-15 03:26:%00,16597.00,16598.25,16595.25,16595.25,10
2023-12-15 03:27:%00,16594.75,16595.25,16594.75,16595.25,2
2023-12-15 03:28:%00,16595.50,16596.00,16594.00,16594.50,9
2023-12-15 03:29:%00,16595.75,16595.75,16595.75,16595.75,1
2023-12-15 03:30:%00,16597.00,16597.00,16594.00,16594.00,7
2023-12-15 03:31:%00,16594.00,16594.75,16592.75,16594.75,7
2023-12-15 03:32:%00,16593.75,16593.75,16593.75,16593.75,1
2023-12-15 03:33:%00,16591.00,16591.75,16590.75,16591.50,6
2023-12-15 03:34:%00,16593.25,16596.00,16593.25,16595.00,6
2023-12-15 03:35:%00,16594.00,16595.25,16594.00,16595.25,3
2023-12-15 03:36:%00,16596.25,16596.25,16594.00,16594.00,3
2023-12-15 03:37:%00,16596.00,16596.75,16596.00,16596.75,4
2023-12-15 03:38:%00,16596.50,16597.25,16596.50,16596.50,4
2023-12-15 03:39:%00,16597.25,16597.25,16595.25,16595.25,4
2023-12-15 03:40:%00,16595.00,16595.00,16593.75,16594.25,3
2023-12-15 03:41:%00,16594.00,16594.00,16594.00,16594.00,1
2023-12-15 03:42:%00,16593.25,16593.50,16593.00,16593.50,5
2023-12-15 03:43:%00,16594.00,16595.00,16594.00,16595.00,3
2023-12-15 03:44:%00,16596.25,16598.00,16596.00,16598.00,11
2023-12-15 03:45:%00,16596.00,16600.00,16596.00,16600.00,9
2023-12-15 03:46:%00,16598.50,16599.50,16597.00,16598.50,10
2023-12-15 03:47:%00,16597.25,16597.25,16597.25,16597.25,1
2023-12-15 03:48:%00,16597.50,16598.75,16597.50,16598.00,3
2023-12-15 03:49:%00,16598.00,16598.00,16597.00,16597.00,2
2023-12-15 03:50:%00,16596.50,16596.50,16596.50,16596.50,1
2023-12-15 03:51:%00,16596.50,16596.50,16596.50,16596.50,0
2023-12-15 03:52:%00,16598.75,16599.00,16598.75,16599.00,2
2023-12-15 03:53:%00,16599.00,16599.25,16599.00,16599.00,2
2023-12-15 03:54:%00,16598.75,16599.00,16597.50,16597.50,3
2023-12-15 03:55:%00,16597.75,16598.50,16597.75,16597.75,4
2023-12-15 03:56:%00,16597.50,16600.00,16597.50,16600.00,10
2023-12-15 03:57:%00,16599.50,16600.00,16598.75,16598.75,5
2023-12-15 03:58:%00,16600.50,16601.00,16598.50,16600.50,6
2023-12-15 03:59:%00,16600.00,16600.00,16599.75,16599.75,2
2023-12-15 04:00:%00,16600.00,16602.25,16600.00,16601.50,17
2023-12-15 04:01:%00,16602.50,16602.50,16601.25,16601.50,8
2023-12-15 04:02:%00,16601.50,16603.00,16601.50,16601.50,5
2023-12-15 04:03:%00,16601.25,16601.25,16600.00,16600.00,11
2023-12-15 04:04:%00,16600.00,16601.00,16600.00,16600.75,5
2023-12-15 04:05:%00,16601.00,16601.00,16599.00,16599.50,11
2023-12-15 04:06:%00,16598.50,16599.00,16598.00,16598.00,10
2023-12-15 04:07:%00,16600.00,16601.00,16600.00,16601.00,2
2023-12-15 04:08:%00,16601.25,16602.00,16600.00,16600.00,6
2023-12-15 04:09:%00,16600.00,16600.50,16599.25,16599.75,6
2023-12-15 04:10:%00,16600.00,16600.00,16598.50,16598.50,5
2023-12-15 04:11:%00,16597.50,16597.75,16596.50,16597.75,12
2023-12-15 04:12:%00,16597.75,16598.00,16596.25,16597.25,13
2023-12-15 04:13:%00,16597.25,16598.50,16595.50,16596.75,12
2023-12-15 04:14:%00,16597.00,16598.00,16597.00,16597.00,7
2023-12-15 04:15:%00,16596.50,16596.50,16596.50,16596.50,1
2023-12-15 04:16:%00,16596.75,16601.00,16596.75,16600.00,15
2023-12-15 04:17:%00,16599.75,16602.50,16599.50,16602.00,10
2023-12-15 04:18:%00,16601.75,16602.50,16601.50,16602.50,5
2023-12-15 04:19:%00,16602.75,16606.50,16602.25,16602.25,30
2023-12-15 04:20:%00,16602.25,16602.50,16597.50,16597.50,11
2023-12-15 04:21:%00,16599.25,16599.25,16597.00,16597.00,3
2023-12-15 04:22:%00,16600.75,16602.50,16600.75,16602.25,7
2023-12-15 04:23:%00,16598.25,16598.75,16597.00,16598.75,8
2023-12-15 04:24:%00,16597.75,16597.75,16597.00,16597.00,4
2023-12-15 04:25:%00,16597.25,16597.25,16596.50,16597.00,5
2023-12-15 04:27:%00,16599.25,16599.25,16599.00,16599.00,2
2023-12-15 04:28:%00,16598.25,16598.25,16598.25,16598.25,1
2023-12-15 04:29:%00,16602.00,16602.25,16601.75,16601.75,5
2023-12-15 04:30:%00,16601.50,16601.50,16598.00,16598.00,10
2023-12-15 04:31:%00,16597.75,16598.00,16596.50,16597.00,15
2023-12-15 04:32:%00,16596.75,16597.50,16595.75,16597.50,9
2023-12-15 04:33:%00,16597.25,16597.25,16595.75,16595.75,3
2023-12-15 04:34:%00,16596.25,16596.25,16594.75,16594.75,8
2023-12-15 04:35:%00,16595.00,16595.25,16594.50,16594.50,5
2023-12-15 04:36:%00,16595.50,16595.50,16594.00,16594.00,6
2023-12-15 04:37:%00,16593.75,16595.75,16593.00,16595.75,7
2023-12-15 04:38:%00,16596.50,16596.50,16595.00,16595.00,5
2023-12-15 04:39:%00,16594.00,16594.00,16592.00,16593.00,5
2023-12-15 04:40:%00,16592.50,16592.50,16588.00,16591.25,30
2023-12-15 04:41:%00,16589.75,16589.75,16586.25,16586.25,5
2023-12-15 04:42:%00,16586.25,16588.00,16585.75,16588.00,5
2023-12-15 04:43:%00,16587.75,16589.00,16587.00,16589.00,4
2023-12-15 04:44:%00,16589.00,16591.00,16589.00,16591.00,5
2023-12-15 04:45:%00,16588.75,16589.50,16588.00,16588.00,6
2023-12-15 04:47:%00,16588.50,16592.75,16588.50,16590.00,7
2023-12-15 04:48:%00,16589.25,16591.00,16587.75,16589.25,9
2023-12-15 04:49:%00,16588.25,16590.75,16588.25,16590.75,7
2023-12-15 04:50:%00,16592.25,16594.75,16592.25,16594.50,12
2023-12-15 04:51:%00,16592.75,16594.25,16590.50,16592.00,11
2023-12-15 04:52:%00,16592.75,16592.75,16591.00,16591.00,2
2023-12-15 04:53:%00,16591.00,16591.00,16589.00,16589.50,6
2023-12-15 04:54:%00,16590.25,16591.00,16589.25,16591.00,3
2023-12-15 04:55:%00,16590.25,16590.25,16590.25,16590.25,1
2023-12-15 04:57:%00,16592.00,16592.75,16590.75,16592.75,8
2023-12-15 04:58:%00,16593.25,16595.50,16593.25,16593.50,13
2023-12-15 04:59:%00,16590.50,16591.25,16590.25,16590.25,6
2023-12-15 05:00:%00,16590.00,16591.75,16589.00,16589.50,12
2023-12-15 05:02:%00,16590.00,16590.00,16587.00,16587.00,9
2023-12-15 05:03:%00,16586.75,16589.00,16586.00,16588.50,9
2023-12-15 05:04:%00,16587.25,16588.00,16586.50,16588.00,4
2023-12-15 05:05:%00,16588.00,16592.00,16588.00,16591.75,7
2023-12-15 05:06:%00,16591.75,16595.25,16591.00,16593.50,13
2023-12-15 05:07:%00,16593.25,16593.25,16591.75,16592.75,3
2023-12-15 05:08:%00,16592.50,16593.75,16592.50,16593.00,9
2023-12-15 05:09:%00,16596.75,16596.75,16594.50,16594.50,3
2023-12-15 05:10:%00,16596.00,16597.75,16596.00,16596.75,9
2023-12-15 05:11:%00,16596.75,16598.50,16596.75,16598.50,10
2023-12-15 05:12:%00,16599.00,16600.00,16598.25,16600.00,6
2023-12-15 05:13:%00,16599.25,16600.75,16598.50,16600.25,6
2023-12-15 05:14:%00,16599.00,16601.25,16598.75,16601.25,7
2023-12-15 05:15:%00,16600.75,16602.25,16600.75,16602.00,11
2023-12-15 05:16:%00,16601.50,16601.50,16600.50,16600.50,2
2023-12-15 05:17:%00,16600.00,16601.00,16599.00,16601.00,4
2023-12-15 05:18:%00,16601.50,16602.75,16601.25,16602.75,6
2023-12-15 05:19:%00,16602.75,16605.00,16602.75,16604.00,4
2023-12-15 05:20:%00,16604.00,16605.00,16604.00,16604.50,3
2023-12-15 05:21:%00,16604.25,16604.25,16602.75,16602.75,4
2023-12-15 05:22:%00,16602.25,16602.25,16600.50,16600.50,7
2023-12-15 05:23:%00,16601.00,16601.50,16600.25,16601.50,7
2023-12-15 05:24:%00,16601.75,16604.00,16601.75,16604.00,5
2023-12-15 05:25:%00,16603.25,16604.00,16600.00,16600.00,8
2023-12-15 05:26:%00,16601.25,16601.25,16601.25,16601.25,1
2023-12-15 05:27:%00,16600.00,16600.75,16600.00,16600.75,2
2023-12-15 05:28:%00,16601.25,16601.50,16600.75,16600.75,3
2023-12-15 05:29:%00,16601.50,16602.50,16601.00,16601.00,4
2023-12-15 05:30:%00,16600.00,16602.75,16600.00,16602.75,2
2023-12-15 05:31:%00,16603.25,16603.50,16603.25,16603.25,3
2023-12-15 05:32:%00,16604.50,16604.50,16604.25,16604.50,3
2023-12-15 05:33:%00,16605.00,16605.00,16602.75,16602.75,5
2023-12-15 05:34:%00,16603.00,16603.00,16603.00,16603.00,1
2023-12-15 05:35:%00,16602.50,16602.50,16602.00,16602.50,4
2023-12-15 05:36:%00,16601.25,16601.50,16601.25,16601.50,2
2023-12-15 05:37:%00,16602.50,16602.50,16602.50,16602.50,1
2023-12-15 05:39:%00,16601.50,16601.50,16601.50,16601.50,1
2023-12-15 05:40:%00,16601.50,16604.00,16601.50,16604.00,11
2023-12-15 05:41:%00,16604.00,16604.25,16600.50,16600.50,4
2023-12-15 05:42:%00,16601.25,16601.25,16601.25,16601.25,1
2023-12-15 05:43:%00,16600.50,16600.50,16597.00,16597.50,14
2023-12-15 05:44:%00,16597.00,16597.50,16596.50,16597.50,4
2023-12-15 05:45:%00,16597.00,16598.50,16596.75,16598.50,5
2023-12-15 05:46:%00,16598.75,16600.50,16598.50,16600.50,6
2023-12-15 05:47:%00,16600.75,16601.00,16600.75,16600.75,3
2023-12-15 05:48:%00,16601.00,16602.75,16601.00,16602.25,3
2023-12-15 05:49:%00,16603.00,16604.50,16603.00,16603.75,4
2023-12-15 05:50:%00,16603.50,16605.00,16602.25,16604.75,9
2023-12-15 05:51:%00,16604.50,16604.50,16604.50,16604.50,1
2023-12-15 05:52:%00,16603.50,16603.50,16602.75,16602.75,4
2023-12-15 05:53:%00,16602.00,16603.00,16602.00,16603.00,2
2023-12-15 05:54:%00,16603.50,16603.50,16603.50,16603.50,1
2023-12-15 05:55:%00,16602.75,16603.25,16601.50,16601.50,10
2023-12-15 05:56:%00,16600.00,16600.50,16599.50,16600.50,5
2023-12-15 05:57:%00,16601.00,16601.00,16596.75,16598.25,5
2023-12-15 05:58:%00,16598.75,16598.75,16598.75,16598.75,1
2023-12-15 05:59:%00,16598.25,16598.25,16597.00,16598.00,8
2023-12-15 06:00:%00,16596.50,16596.50,16595.75,16596.50,11
2023-12-15 06:01:%00,16595.25,16596.00,16594.50,16596.00,6
2023-12-15 06:02:%00,16595.75,16596.50,16595.75,16596.50,3
2023-12-15 06:03:%00,16597.75,16598.00,16596.25,16596.25,4
2023-12-15 06:04:%00,16595.25,16595.25,16594.00,16594.75,6
2023-12-15 06:05:%00,16595.25,16597.75,16595.25,16597.75,9
2023-12-15 06:06:%00,16597.75,16599.25,16597.75,16599.25,6
2023-12-15 06:07:%00,16599.75,16600.75,16599.25,16599.50,9
2023-12-15 06:08:%00,16599.50,16599.50,16599.50,16599.50,0
2023-12-15 06:09:%00,16595.50,16595.75,16593.00,16594.50,11
2023-12-15 06:10:%00,16594.25,16595.50,16593.50,16595.50,9
2023-12-15 06:11:%00,16598.50,16598.50,16598.50,16598.50,1
2023-12-15 06:12:%00,16597.25,16598.00,16596.25,16596.25,7
2023-12-15 06:13:%00,16597.00,16597.25,16596.75,16596.75,3
2023-12-15 06:14:%00,16595.50,16595.50,16594.00,16594.00,5
2023-12-15 06:15:%00,16594.00,16595.50,16594.00,16594.25,7
2023-12-15 06:16:%00,16597.00,16597.25,16597.00,16597.25,2
2023-12-15 06:17:%00,16596.50,16597.50,16596.25,16596.25,8
2023-12-15 06:18:%00,16596.25,16596.25,16596.25,16596.25,0
2023-12-15 06:19:%00,16597.25,16598.75,16597.25,16598.75,3
2023-12-15 06:20:%00,16599.50,16599.75,16598.75,16599.75,5
2023-12-15 06:21:%00,16601.25,16601.25,16600.75,16601.00,3
2023-12-15 06:22:%00,16600.00,16600.00,16598.00,16598.00,3
2023-12-15 06:23:%00,16598.00,16598.50,16598.00,16598.50,1
2023-12-15 06:24:%00,16600.75,16602.25,16599.75,16601.25,6
2023-12-15 06:25:%00,16600.50,16602.00,16600.50,16602.00,3
2023-12-15 06:26:%00,16600.50,16600.50,16600.50,16600.50,1
2023-12-15 06:27:%00,16601.50,16601.50,16598.75,16598.75,5
2023-12-15 06:28:%00,16600.00,16601.75,16600.00,16600.25,5
2023-12-15 06:29:%00,16598.00,16599.00,16594.00,16599.00,18
2023-12-15 06:30:%00,16599.50,16600.00,16598.75,16598.75,8
2023-12-15 06:31:%00,16597.00,16597.25,16596.75,16597.25,4
2023-12-15 06:32:%00,16597.25,16597.50,16596.75,16597.50,4
2023-12-15 06:33:%00,16596.50,16596.50,16595.00,16595.75,7
2023-12-15 06:34:%00,16596.50,16597.75,16596.50,16597.75,2
2023-12-15 06:35:%00,16597.75,16599.50,16597.75,16599.50,4
2023-12-15 06:36:%00,16599.50,16601.25,16597.75,16600.75,10
2023-12-15 06:37:%00,16601.00,16602.25,16601.00,16602.25,5
2023-12-15 06:38:%00,16602.50,16603.00,16600.25,16600.75,12
2023-12-15 06:39:%00,16600.00,16601.00,16600.00,16601.00,3
2023-12-15 06:40:%00,16598.50,16599.25,16598.00,16599.00,4
2023-12-15 06:41:%00,16599.00,16599.50,16598.75,16598.75,3
2023-12-15 06:42:%00,16598.75,16598.75,16597.50,16597.50,8
2023-12-15 06:43:%00,16597.75,16598.00,16596.25,16596.25,6
2023-12-15 06:44:%00,16595.75,16596.25,16595.00,16595.00,11
2023-12-15 06:45:%00,16595.75,16595.75,16594.50,16594.50,6
2023-12-15 06:46:%00,16595.00,16595.00,16594.00,16594.50,7
2023-12-15 06:47:%00,16594.75,16595.75,16594.75,16595.75,2
2023-12-15 06:48:%00,16597.50,16597.50,16596.50,16596.75,3
2023-12-15 06:49:%00,16595.25,16595.25,16590.75,16592.75,26
2023-12-15 06:50:%00,16591.00,16591.25,16590.00,16590.75,15
2023-12-15 06:51:%00,16590.00,16591.00,16590.00,16590.25,5
2023-12-15 06:52:%00,16590.00,16590.00,16584.00,16584.00,10
2023-12-15 06:53:%00,16585.00,16587.25,16585.00,16585.25,10
2023-12-15 06:54:%00,16585.25,16588.00,16585.25,16587.50,5
2023-12-15 06:55:%00,16587.50,16588.75,16585.25,16588.75,10
2023-12-15 06:56:%00,16588.50,16588.50,16586.00,16586.25,7
2023-12-15 06:57:%00,16586.00,16586.50,16584.00,16586.25,14
2023-12-15 06:58:%00,16586.25,16586.75,16584.50,16586.75,7
2023-12-15 06:59:%00,16586.75,16589.00,16585.75,16589.00,5
2023-12-15 07:00:%00,16589.25,16590.50,16586.75,16589.50,39
2023-12-15 07:01:%00,16589.75,16592.75,16589.50,16590.00,13
2023-12-15 07:02:%00,16590.75,16592.00,16590.25,16592.00,4
2023-12-15 07:03:%00,16592.00,16592.50,16588.50,16588.50,13
2023-12-15 07:04:%00,16588.75,16591.00,16588.50,16591.00,11
2023-12-15 07:05:%00,16588.50,16590.25,16588.50,16589.50,6
2023-12-15 07:06:%00,16588.75,16588.75,16586.00,16586.00,10
2023-12-15 07:07:%00,16586.00,16586.25,16584.00,16586.25,12
2023-12-15 07:08:%00,16587.00,16587.00,16584.25,16586.75,11
2023-12-15 07:09:%00,16589.75,16590.00,16588.00,16589.25,7
2023-12-15 07:10:%00,16588.25,16591.00,16586.75,16590.50,17
2023-12-15 07:11:%00,16590.75,16593.50,16590.25,16590.50,11
2023-12-15 07:12:%00,16590.50,16591.00,16589.75,16590.00,5
2023-12-15 07:13:%00,16591.75,16592.50,16591.00,16592.50,5
2023-12-15 07:14:%00,16591.75,16591.75,16590.50,16590.50,2
2023-12-15 07:15:%00,16591.50,16592.25,16591.50,16591.75,4
2023-12-15 07:16:%00,16592.50,16592.50,16584.75,16590.25,34
2023-12-15 07:17:%00,16591.00,16591.50,16590.00,16590.00,8
2023-12-15 07:18:%00,16590.00,16590.00,16587.50,16588.50,6
2023-12-15 07:19:%00,16588.25,16589.50,16587.75,16587.75,7
2023-12-15 07:20:%00,16587.25,16589.50,16586.50,16589.50,7
2023-12-15 07:21:%00,16590.00,16591.00,16585.50,16586.25,10
2023-12-15 07:22:%00,16586.75,16587.25,16584.00,16587.25,11
2023-12-15 07:23:%00,16586.50,16591.50,16586.50,16591.50,13
2023-12-15 07:24:%00,16589.50,16590.25,16589.25,16590.25,7
2023-12-15 07:25:%00,16589.25,16589.25,16587.25,16588.50,17
2023-12-15 07:26:%00,16588.00,16590.25,16587.00,16590.25,8
2023-12-15 07:27:%00,16591.00,16595.50,16590.00,16593.00,19
2023-12-15 07:28:%00,16593.00,16595.50,16593.00,16593.75,4
2023-12-15 07:29:%00,16594.25,16597.25,16593.50,16594.50,13
2023-12-15 07:30:%00,16596.75,16605.00,16594.25,16597.50,28
2023-12-15 07:31:%00,16600.75,16603.25,16599.00,16601.25,13
2023-12-15 07:32:%00,16603.25,16603.25,16586.50,16586.50,33
2023-12-15 07:33:%00,16588.50,16593.50,16586.50,16586.50,28
2023-12-15 07:34:%00,16587.00,16587.50,16580.75,16583.50,51
2023-12-15 07:35:%00,16586.50,16589.00,16582.75,16585.75,17
2023-12-15 07:36:%00,16586.75,16587.50,16577.00,16579.25,29
2023-12-15 07:37:%00,16578.25,16583.25,16577.50,16583.25,26
2023-12-15 07:38:%00,16581.75,16583.00,16577.00,16577.00,15
2023-12-15 07:39:%00,16577.50,16577.50,16564.00,16564.25,72
2023-12-15 07:40:%00,16564.75,16571.25,16560.00,16570.50,56
2023-12-15 07:41:%00,16568.00,16568.00,16559.00,16561.25,37
2023-12-15 07:42:%00,16560.00,16562.75,16553.00,16554.75,37
2023-12-15 07:43:%00,16552.75,16561.50,16550.00,16559.75,40
2023-12-15 07:44:%00,16558.25,16568.00,16558.25,16565.50,40
2023-12-15 07:45:%00,16565.25,16569.50,16562.25,16567.25,19
2023-12-15 07:46:%00,16568.00,16572.00,16567.00,16567.25,18
2023-12-15 07:47:%00,16568.25,16570.50,16563.00,16565.75,29
2023-12-15 07:48:%00,16564.00,16567.25,16560.50,16561.25,18
2023-12-15 07:49:%00,16561.50,16566.50,16560.75,16565.75,8
2023-12-15 07:50:%00,16564.75,16568.50,16564.25,16568.50,14
2023-12-15 07:51:%00,16568.00,16571.00,16564.75,16564.75,31
2023-12-15 07:52:%00,16566.75,16569.00,16564.00,16568.25,6
2023-12-15 07:53:%00,16568.75,16572.00,16568.50,16569.75,20
2023-12-15 07:54:%00,16572.00,16579.75,16572.00,16578.25,28
2023-12-15 07:55:%00,16574.00,16580.00,16573.50,16576.75,13
2023-12-15 07:56:%00,16576.50,16576.50,16571.25,16571.50,17
2023-12-15 07:57:%00,16571.25,16576.00,16569.75,16576.00,18
2023-12-15 07:58:%00,16576.00,16580.00,16576.00,16578.50,16
2023-12-15 07:59:%00,16578.25,16581.75,16576.00,16581.00,24
2023-12-15 08:00:%00,16582.50,16585.00,16577.00,16577.00,43
2023-12-15 08:01:%00,16580.75,16582.50,16580.75,16582.00,15
2023-12-15 08:02:%00,16582.00,16584.75,16581.25,16583.00,26
2023-12-15 08:03:%00,16584.25,16594.25,16584.00,16593.25,26
2023-12-15 08:04:%00,16593.00,16594.25,16587.00,16590.50,32
2023-12-15 08:05:%00,16590.25,16591.50,16585.25,16588.25,25
2023-12-15 08:06:%00,16590.75,16593.00,16590.25,16593.00,15
2023-12-15 08:07:%00,16593.00,16593.75,16587.75,16591.50,13
2023-12-15 08:08:%00,16591.00,16593.00,16591.00,16593.00,9
2023-12-15 08:09:%00,16590.25,16592.50,16590.25,16590.75,6
2023-12-15 08:10:%00,16591.00,16594.50,16589.00,16592.50,30
2023-12-15 08:11:%00,16594.25,16599.50,16592.25,16599.50,35
2023-12-15 08:12:%00,16599.00,16605.00,16598.00,16598.50,28
2023-12-15 08:13:%00,16601.75,16605.00,16599.00,16604.00,30
2023-12-15 08:14:%00,16604.00,16604.00,16600.50,16604.00,12
2023-12-15 08:15:%00,16603.50,16605.00,16600.25,16603.50,25
2023-12-15 08:16:%00,16603.75,16608.75,16603.75,16607.25,33
2023-12-15 08:17:%00,16607.00,16607.00,16603.75,16605.50,23
2023-12-15 08:18:%00,16607.00,16609.00,16606.75,16608.75,15
2023-12-15 08:19:%00,16609.00,16609.25,16605.75,16608.00,27
2023-12-15 08:20:%00,16606.25,16608.50,16605.00,16606.50,24
2023-12-15 08:21:%00,16606.50,16608.00,16605.00,16607.75,14
2023-12-15 08:22:%00,16607.25,16608.00,16602.75,16604.00,34
2023-12-15 08:23:%00,16602.50,16602.50,16598.50,16600.25,31
2023-12-15 08:24:%00,16599.75,16604.50,16599.75,16602.00,22
2023-12-15 08:25:%00,16602.00,16603.75,16591.25,16600.00,37
2023-12-15 08:26:%00,16592.75,16601.00,16588.75,16590.75,31
2023-12-15 08:27:%00,16599.00,16599.00,16578.25,16588.00,47
2023-12-15 08:28:%00,16588.00,16595.00,16572.25,16585.00,69
2023-12-15 08:29:%00,16575.50,16593.00,16530.00,16583.25,94
2023-12-15 11:18:%00,16530.25,16530.25,16530.25,16530.25,1
